Category,Transaction_Spend,Supplier_Spend
CT,426371989.14199996,324296663.5233367
MRI,289183540.38100004,287955318.5200023
Monitoring,634263331.3250002,619403779.9265484
Ultrasound HC,684476093.9669999,475412932.3832974
