Category,Transaction_Spend,Supplier_Spend
Computed Tomography,426371989.14199996,324296663.5233367
Magnetic Resonance Imaging,289183540.38100004,287955318.5200023
Physiological Monitoring Systems,634263331.3250002,619403779.9265484
Ultrasound Hand-Carried,684476093.9669999,475412932.3832974
