Category,Transaction_Spend,Supplier_Spend
CT,422429873.38600004,324296663.5233367
MRI,285406795.86100006,287955318.5200023
Monitoring,625989349.7430001,619403779.9265485
